-- phpMyAdmin SQL Dump
-- version 4.9.0.1
-- https://www.phpmyadmin.net/
--
-- Host: 127.0.0.1
-- Generation Time: Aug 02, 2019 at 09:59 AM
-- Server version: 10.3.15-MariaDB
-- PHP Version: 7.1.30

SET SQL_MODE = "NO_AUTO_VALUE_ON_ZERO";
SET AUTOCOMMIT = 0;
START TRANSACTION;
SET time_zone = "+00:00";


/*!40101 SET @OLD_CHARACTER_SET_CLIENT=@@CHARACTER_SET_CLIENT */;
/*!40101 SET @OLD_CHARACTER_SET_RESULTS=@@CHARACTER_SET_RESULTS */;
/*!40101 SET @OLD_COLLATION_CONNECTION=@@COLLATION_CONNECTION */;
/*!40101 SET NAMES utf8mb4 */;

--
-- Database: `restaurantbilling`
--
CREATE DATABASE IF NOT EXISTS `restaurantbilling` DEFAULT CHARACTER SET latin1 COLLATE latin1_swedish_ci;
USE `restaurantbilling`;

-- --------------------------------------------------------

--
-- Table structure for table `bill`
--

CREATE TABLE `bill` (
  `billid` int(50) NOT NULL,
  `typeoforder` varchar(30) NOT NULL,
  `address` varchar(500) NOT NULL,
  `modeofpayment` varchar(30) NOT NULL,
  `cashCollected` double NOT NULL,
  `cashReturned` double NOT NULL,
  `mobileno` varchar(15) NOT NULL,
  `netamount` double NOT NULL,
  `gst` double NOT NULL,
  `status` varchar(30) NOT NULL,
  `date` date NOT NULL
) ENGINE=InnoDB DEFAULT CHARSET=latin1;

--
-- Dumping data for table `bill`
--

INSERT INTO `bill` (`billid`, `typeoforder`, `address`, `modeofpayment`, `cashCollected`, `cashReturned`, `mobileno`, `netamount`, `gst`, `status`, `date`) VALUES
(21, 'TAKE AWAY', 'South Delhi', 'CASH', 2500, 111.25, '9815698765', 2388.75, 5, 'DONE', '2019-07-23'),
(22, 'HOME DELIVERY', 'North Delhi', 'PAYTM', 30, 3.75, '9234567891', 26.25, 5, 'DONE', '2019-07-23'),
(23, 'DINE IN', '', 'CREDIT CARD', 100, 10.75, '9876542398', 89.25, 5, 'DONE', '2019-07-23'),
(24, 'TAKE AWAY', 'Gurgaon', 'CASH', 1210, 2.5, '9815479456', 1207.5, 5, 'PENDING', '2019-07-23'),
(25, 'TAKE AWAY', 'North Delhi', 'CREDIT CARD', 300, 11.25, '9123456781', 288.75, 5, 'PENDING', '2019-07-23'),
(26, 'DINE IN', 'Patiala', 'CREDIT CARD', 800, 86, '1234567890', 714, 5, 'DONE', '2019-07-23'),
(27, 'DINE IN', '245 Janpath,New Delhi', 'CASH', 1200, 81.75, '9123456781', 1118.25, 5, 'DONE', '2019-07-23'),
(28, 'DINE IN', 'C.P Market', 'CREDIT CARD', 1500, 72, '9869069234', 1428, 5, 'PENDING', '2019-07-23'),
(29, 'HOME DELIVERY', 'Kashmir Avenue,Amritsar', 'PAYTM', 1500, 30, '9128745040', 1470, 5, 'DONE', '2019-07-23'),
(30, 'DINE IN', '', 'CREDIT CARD', 30, 9, '9567283456', 21, 5, 'DONE', '2019-07-24'),
(31, 'DINE IN', '', 'CREDIT CARD', 1100, 29, '9765423115', 1071, 5, 'PENDING', '2019-07-24'),
(32, 'TAKE AWAY', 'Chandani Chowk,Old Delhi', 'CASH', 1500, 72, '9123456457', 1428, 5, 'DONE', '2019-07-24'),
(33, 'HOME DELIVERY', 'Anantnag,Jammu and Kashmir', 'CASH', 100, 16, '9912376457', 84, 5, 'PENDING', '2019-07-25'),
(34, 'TAKE AWAY', '', 'CASH', 180, 6.75, '9123456782', 173.25, 5, 'PENDING', '2019-07-25'),
(35, 'DINE IN', 'East Vikhroli,Mumbai', 'CASH', 2200, 37, '9123456734', 2163, 5, 'PENDING', '2019-07-25'),
(36, 'TAKE AWAY', '', 'PAYTM', 400, 22, '9873465239', 378, 5, 'DONE', '2019-07-25'),
(37, 'DINE IN', '', 'CASH', 1400, 87.5, '9567893458', 1312.5, 5, 'DONE', '2019-07-25'),
(38, 'DINE IN', '', 'CREDIT CARD', 230, 4.25, '9123333333', 225.75, 5, 'DONE', '2019-07-25'),
(39, 'DINE IN', '', 'CASH', 190, 1, '9834568755', 189, 5, 'PENDING', '2019-07-25'),
(40, 'TAKE AWAY', '', 'PAYTM', 126, 0, '9444445556', 126, 5, 'PENDING', '2019-07-25'),
(41, 'DINE IN', '', 'PAYTM', 450, -1.5, '9887766554', 451.5, 5, 'PENDING', '2019-07-25'),
(42, 'DINE IN', '', 'CASH', 700, -24.5, '9443366778', 724.5, 5, 'PENDING', '2019-07-25'),
(43, 'TAKE AWAY', '', 'CASH', 1100, 8, '9815645633', 1092, 5, 'PENDING', '2019-07-25'),
(44, 'TAKE AWAY', '', 'CASH', 271, 0.10000000000002274, '9834723955', 270.9, 5, 'PENDING', '2019-07-25'),
(45, 'TAKE AWAY', '', 'CASH', 1500, 35.25, '9444455667', 1464.75, 5, 'PENDING', '2019-07-25'),
(46, 'HOME DELIVERY', 'Kashmir Avenue,Amritsar', 'CASH', 130, 4, '9876554499', 126, 5, 'PENDING', '2019-07-25'),
(47, 'DINE IN', '', 'CREDIT CARD', 32, 0.5, '9555555555', 31.5, 5, 'PENDING', '2019-07-25'),
(48, 'DINE IN', '', 'CASH', 45, 0.8999999999999986, '9123456721', 44.1, 5, 'PENDING', '2019-07-25'),
(49, 'DINE IN', '', 'CASH', 110, 2.9000000000000057, '9779069212', 107.1, 5, 'PENDING', '2019-07-25'),
(50, 'TAKE AWAY', '', 'CASH', 110, 2.9000000000000057, '9779069212', 107.1, 5, 'PENDING', '2019-07-25'),
(51, 'DINE IN', '', 'CASH', 180, 1.5, '9779069212', 178.5, 5, 'PENDING', '2019-07-25'),
(52, 'DINE IN', '', 'CASH', 280, 7, '9779069212', 273, 5, 'PENDING', '2019-07-25'),
(53, 'DINE IN', '', 'CASH', 35, 1.3999999999999986, '9779069212', 33.6, 5, 'PENDING', '2019-07-25'),
(54, 'DINE IN', '', 'CASH', 300, 37.5, '9779069212', 262.5, 5, 'PENDING', '2019-07-25'),
(55, 'DINE IN', '', 'CASH', 21, 0, '9779069212', 21, 5, 'DONE', '2019-07-25'),
(56, 'DINE IN', '', 'CASH', 720, 6, '9779069212', 714, 5, 'PENDING', '2019-07-25'),
(57, 'DINE IN', '', 'CASH', 11, 0.5, '9779069212', 10.5, 5, 'PENDING', '2019-07-25'),
(58, 'DINE IN', '', 'CASH', 140, 3.5, '9779069212', 136.5, 5, 'PENDING', '2019-07-25'),
(59, 'DINE IN', '', 'CASH', 570, 8.25, '9779069212', 561.75, 5, 'PENDING', '2019-07-25'),
(60, 'DINE IN', '', 'CASH', 140, 3.5, '9779069212', 136.5, 5, 'PENDING', '2019-07-25'),
(61, 'DINE IN', '', 'CASH', 160, 2.5, '9779069212', 157.5, 5, 'PENDING', '2019-07-25'),
(62, 'DINE IN', '', 'CASH', 120, -0.75, '9779069212', 120.75, 5, 'PENDING', '2019-07-25'),
(63, 'DINE IN', '', 'CASH', 63, 0, '9779069212', 63, 5, 'PENDING', '2019-07-25'),
(64, 'DINE IN', '', 'CASH', 90, 6, '9779069212', 84, 5, 'PENDING', '2019-07-25'),
(65, 'DINE IN', '', 'CASH', 80, 1.25, '9779069212', 78.75, 5, 'PENDING', '2019-07-25'),
(66, 'DINE IN', '', 'CASH', 210, 5.25, '9779069212', 204.75, 5, 'PENDING', '2019-07-25'),
(67, 'DINE IN', '', 'CASH', 290, 6.5, '9779069212', 283.5, 5, 'PENDING', '2019-07-25'),
(68, 'DINE IN', '', 'CASH', 190, 1, '9779069212', 189, 5, 'PENDING', '2019-07-25'),
(69, 'DINE IN', '', 'CASH', 500, 38, '9779069212', 462, 5, 'PENDING', '2019-07-25'),
(70, 'DINE IN', '', 'CASH', 70, 7, '9779069212', 63, 5, 'PENDING', '2019-07-25'),
(71, 'DINE IN', '', 'CASH', 220, 4.75, '9779069212', 215.25, 5, 'PENDING', '2019-07-25'),
(72, 'DINE IN', '', 'CASH', 50, 2.75, '9812365478', 47.25, 5, 'PENDING', '2019-07-25'),
(73, 'DINE IN', '', 'CASH', 1600, 51.25, '9779069212', 1548.75, 5, 'PENDING', '2019-07-25'),
(74, 'DINE IN', '', 'CASH', 80, 1.25, '9812312345', 78.75, 5, 'PENDING', '2019-07-25'),
(75, 'DINE IN', '', 'CASH', 70, 7, '9779069212', 63, 5, 'PENDING', '2019-07-25'),
(76, 'DINE IN', '', 'CREDIT CARD', 90, 6, '9779069212', 84, 5, 'PENDING', '2019-07-25'),
(77, 'DINE IN', '', 'CREDIT CARD', 300, 16.5, '9779069212', 283.5, 5, 'PENDING', '2019-07-25'),
(78, 'DINE IN', '', 'CASH', 11, 0.5, '9779069212', 10.5, 5, 'PENDING', '2019-07-25'),
(79, 'DINE IN', '', 'PAYTM', 800, 86, '9779069212', 714, 5, 'PENDING', '2019-07-25'),
(80, 'DINE IN', '', 'PAYTM', 1100, 29, '9779069212', 1071, 5, 'PENDING', '2019-07-25'),
(81, 'DINE IN', '', 'CASH', 2000, 183.5, '9779069212', 1816.5, 5, 'PENDING', '2019-07-25'),
(82, 'DINE IN', '', 'CREDIT CARD', 30, 3.75, '9779069212', 26.25, 5, 'PENDING', '2019-07-25'),
(83, 'DINE IN', '', 'CASH', 500, 38, '6280406195', 462, 5, 'PENDING', '2019-07-25'),
(84, 'DINE IN', '', 'CASH', 700, 7, '9872546841', 693, 5, 'DONE', '2019-07-25'),
(85, 'HOME DELIVERY', 'Gujrat', 'CASH', 80, 6.5, '9427849620', 73.5, 5, 'PENDING', '2019-07-25'),
(86, 'HOME DELIVERY', 'GUJRAT', 'CASH', 400, 43, '9427849620', 357, 5, 'PENDING', '2019-07-25'),
(87, 'DINE IN', '', 'CASH', 600, 27.75, '9779069212', 572.25, 5, 'DONE', '2019-07-26'),
(88, 'DINE IN', 'na', 'CREDIT CARD', 0, -535.5, '9779069212', 535.5, 5, 'DONE', '2019-07-26'),
(89, 'DINE IN', '', 'CASH', 100, 84.25, '9779069212', 15.75, 5, 'DONE', '2019-07-26'),
(90, 'DINE IN', '', 'CASH', 3000, 301.5, '9779069212', 2698.5, 5, 'PENDING', '2019-07-27'),
(91, 'DINE IN', '', 'CASH', 1000, 91.75, '9815691288', 908.25, 5, 'DONE', '2019-07-27'),
(92, 'DINE IN', '', 'CASH', 1000, 34, '9779069212', 966, 5, 'PENDING', '2019-07-27'),
(93, 'DINE IN', '', 'CASH', 1300, 50.5, '9779069212', 1249.5, 5, 'PENDING', '2019-07-27'),
(94, 'DINE IN', '', 'CASH', 140, 3.5, '9779069212', 136.5, 5, 'PENDING', '2019-07-27'),
(95, 'DINE IN', '', 'CASH', 1000, 112.75, '9779069212', 887.25, 5, 'PENDING', '2019-07-27'),
(96, 'DINE IN', '', 'CASH', 2200, 58, '9779069212', 2142, 5, 'PENDING', '2019-07-27'),
(97, 'DINE IN', '', 'CASH', 140, 3.5, '9779069212', 136.5, 5, 'PENDING', '2019-07-27'),
(98, 'DINE IN', '', 'CASH', 150, 3, '9779069212', 147, 5, 'PENDING', '2019-07-27'),
(99, 'DINE IN', '', 'CASH', 1600, 67, '9779069212', 1533, 5, 'PENDING', '2019-07-27'),
(100, 'DINE IN', '', 'CASH', 1200, 55.5, '9779069212', 1144.5, 5, 'PENDING', '2019-07-27'),
(101, 'DINE IN', '', 'CASH', 2000, 299, '9779069212', 1701, 5, 'PENDING', '2019-07-27'),
(102, 'DINE IN', '', 'CASH', 2000, 194, '9779069212', 1806, 5, 'PENDING', '2019-07-27'),
(103, 'DINE IN', '', 'CASH', 2000, 120.5, '9779069212', 1879.5, 5, 'PENDING', '2019-07-27'),
(104, 'DINE IN', '', 'CASH', 420, 5.25, '9779069212', 414.75, 5, 'PENDING', '2019-07-27'),
(105, 'DINE IN', '', 'CASH', 1000, 165.25, '9779069212', 834.75, 5, 'PENDING', '2019-07-27'),
(106, 'DINE IN', '', 'CASH', 220, 4.75, '9779069212', 215.25, 5, 'PENDING', '2019-07-27'),
(107, 'DINE IN', 'Anantnag,Jammu and Kashmir', 'CASH', 160, 7.75, '9779069212', 152.25, 5, 'PENDING', '2019-07-27'),
(108, 'DINE IN', '', 'CASH', 500, 32.75, '9779069212', 467.25, 5, 'PENDING', '2019-07-27'),
(109, 'DINE IN', '', 'CASH', 1400, 35, '9779069212', 1365, 5, 'PENDING', '2019-07-27'),
(110, 'DINE IN', '', 'CASH', 200, 26.75, '9779069212', 173.25, 5, 'PENDING', '2019-07-27'),
(111, 'DINE IN', '', 'CASH', 1000, 228.25, '9779069212', 771.75, 5, 'PENDING', '2019-07-27'),
(112, 'DINE IN', '', 'CASH', 1000, 196.75, '9779069212', 803.25, 5, 'PENDING', '2019-07-27'),
(113, 'DINE IN', '', 'CASH', 2000, 47, '9779069212', 1953, 5, 'PENDING', '2019-07-27'),
(114, 'DINE IN', '', 'CASH', 1100, 50, '9779069212', 1050, 5, 'PENDING', '2019-07-27'),
(115, 'DINE IN', '', 'CASH', 1300, 82, '9779069212', 1218, 5, 'PENDING', '2019-07-27'),
(116, 'DINE IN', '', 'CASH', 2500, 153.25, '9779069212', 2346.75, 5, 'PENDING', '2019-07-27'),
(117, 'DINE IN', '', 'CASH', 500, 17, '9779069212', 483, 5, 'PENDING', '2019-07-27'),
(118, 'DINE IN', '', 'CASH', 210, 5.25, '9779069212', 204.75, 5, 'DONE', '2019-07-27'),
(119, 'DINE IN', '', 'CASH', 1000, 259.75, '9779069212', 740.25, 5, 'PENDING', '2019-07-27'),
(120, 'DINE IN', '', 'CASH', 730, 5.5, '9779069212', 724.5, 5, 'PENDING', '2019-07-27'),
(121, 'DINE IN', '', 'CASH', 1620, 8.25, '9779069212', 1611.75, 5, 'PENDING', '2019-07-27'),
(122, 'DINE IN', '', 'CASH', 400, 22, '9779069212', 378, 5, 'PENDING', '2019-07-27'),
(123, 'DINE IN', '', 'CASH', 1510, 8.5, '9779069212', 1501.5, 5, 'PENDING', '2019-07-27'),
(124, 'DINE IN', '', 'CASH', 100, 10.75, '9779069212', 89.25, 5, 'DONE', '2019-07-27'),
(125, 'DINE IN', '', 'CASH', 4500, 111, '9779069212', 4389, 5, 'DONE', '2019-07-27'),
(126, 'DINE IN', '', 'CASH', 110, 5, '9779069212', 105, 5, 'DONE', '2019-07-27'),
(127, 'DINE IN', '', 'CASH', 2000, 10.25, '9779069212', 1989.75, 5, 'DONE', '2019-07-27'),
(128, 'DINE IN', '', 'CASH', 1100, 34.25, '9779069212', 1065.75, 5, 'DONE', '2019-07-27'),
(129, 'DINE IN', '', 'CASH', 1100, 34.25, '9779069212', 1065.75, 500, 'DONE', '2019-07-27'),
(130, 'DINE IN', '', 'CASH', 1600, 19.75, '9779069212', 1580.25, 5, 'DONE', '2019-07-27'),
(131, 'DINE IN', '', 'CASH', 1460, 5.75, '6280406195', 1454.25, 5, 'DONE', '2019-07-27'),
(132, 'DINE IN', '', 'CASH', 200, 5.75, '8283836081', 194.25, 5, 'DONE', '2019-07-27'),
(133, 'HOME DELIVERY', 'Amritsar', 'CASH', 5000, 395.75, '9779069212', 4604.25, 5, 'DONE', '2019-07-28'),
(134, 'DINE IN', '', 'CASH', 3000, 852.75, '9779069212', 2147.25, 0.05, 'DONE', '2019-07-28'),
(135, 'DINE IN', '', 'CASH', 1200, 34.5, '9779069212', 1165.5, 0.05, 'DONE', '2019-07-28'),
(136, 'DINE IN', '', 'CASH', 1300, 45.25, '9779069212', 1254.75, 0.05, 'DONE', '2019-07-28'),
(144, 'DINE IN', '', 'CASH', 1600, 67, '9779069212', 1533, 0.05, 'DONE', '2019-07-28'),
(145, 'DINE IN', '', 'CASH', 3000, 70.5, '9872546841', 2929.5, 0.05, 'DONE', '2019-07-28'),
(146, 'DINE IN', '', 'CASH', 1610, 3.5, '9779069212', 1606.5, 5, 'DONE', '2019-07-28'),
(147, 'DINE IN', '', 'CREDIT CARD', 2200, 37, '9779069212', 2163, 5, 'DONE', '2019-07-28'),
(148, 'DINE IN', '', 'CASH', 2600, 59, '9779069212', 2541, 5, 'DONE', '2019-07-28'),
(149, 'DINE IN', '', 'CREDIT CARD', 1000, 217.75, '9779069212', 782.25, 5, 'DONE', '2019-07-29'),
(150, 'DINE IN', '', 'CASH', 2000, 10.25, '9779069212', 1989.75, 5, 'DONE', '2019-07-29'),
(151, 'DINE IN', '', 'CASH', 2170, 7, '9779069212', 2163, 5, 'DONE', '2019-07-29'),
(152, 'DINE IN', '', 'CASH', 2400, 27, '9779069212', 2373, 5, 'DONE', '2019-07-29'),
(153, 'DINE IN', '', 'CASH', 2000, 330.5, '9779069212', 1669.5, 5, 'PENDING', '2019-07-29'),
(154, 'DINE IN', '', 'CASH', 1250, 21.5, '9779069212', 1228.5, 5, 'PENDING', '2019-07-29'),
(155, 'DINE IN', '', 'CASH', 1000, 244, '9779069212', 756, 5, 'PENDING', '2019-07-29'),
(156, 'DINE IN', '', 'CASH', 4000, 125.5, '9779069212', 3874.5, 5, 'PENDING', '2019-07-30'),
(157, 'DINE IN', '', 'CASH', 1500, 66.75, '9779069212', 1433.25, 5, 'PENDING', '2019-07-30'),
(158, 'DINE IN', '', 'CASH', 3000, 285.75, '9779069212', 2714.25, 5, 'PENDING', '2019-07-30'),
(159, 'DINE IN', '', 'CASH', 1000, 280.75, '9779069212', 719.25, 5, 'PENDING', '2019-07-30'),
(160, 'DINE IN', '', 'CASH', 1000, 307, '9779069212', 693, 5, 'PENDING', '2019-07-30'),
(161, 'DINE IN', '', 'CASH', 4000, 304, '9779069212', 3696, 5, 'PENDING', '2019-07-30'),
(162, 'DINE IN', '', 'CASH', 1000, 254.5, '9779069212', 745.5, 5, 'PENDING', '2019-07-30'),
(163, 'DINE IN', '', 'CASH', 500, 158.75, '9779069212', 341.25, 5, 'PENDING', '2019-07-31');

-- --------------------------------------------------------

--
-- Table structure for table `billdetail`
--

CREATE TABLE `billdetail` (
  `billdetailid` int(30) NOT NULL,
  `billid` int(30) NOT NULL,
  `menuid` int(30) NOT NULL,
  `price` double NOT NULL,
  `quantity` int(20) NOT NULL,
  `total` double NOT NULL
) ENGINE=InnoDB DEFAULT CHARSET=latin1;

--
-- Dumping data for table `billdetail`
--

INSERT INTO `billdetail` (`billdetailid`, `billid`, `menuid`, `price`, `quantity`, `total`) VALUES
(17, 21, 3, 340, 3, 1020),
(19, 21, 13, 200, 6, 1200),
(20, 21, 18, 50, 1, 50),
(21, 22, 2, 5, 2, 10),
(23, 23, 2, 5, 3, 15),
(24, 23, 1, 10, 1, 10),
(25, 23, 8, 15, 4, 60),
(26, 24, 3, 340, 3, 1020),
(27, 25, 8, 15, 5, 75),
(28, 26, 3, 340, 2, 680),
(29, 27, 3, 340, 3, 1020),
(31, 28, 3, 340, 4, 1360),
(32, 29, 3, 340, 4, 1360),
(33, 29, 14, 20, 2, 40),
(34, 30, 2, 5, 4, 20),
(35, 31, 3, 340, 3, 1020),
(36, 32, 3, 340, 4, 1360),
(37, 33, 2, 5, 2, 10),
(38, 33, 8, 15, 2, 30),
(39, 33, 14, 20, 2, 40),
(40, 34, 2, 5, 5, 25),
(41, 34, 9, 120, 1, 120),
(43, 35, 3, 340, 6, 2040),
(44, 35, 2, 5, 2, 10),
(45, 35, 1, 10, 1, 10),
(46, 36, 1, 10, 2, 20),
(47, 36, 3, 340, 1, 340),
(48, 37, 3, 340, 3, 1020),
(49, 37, 8, 15, 6, 90),
(50, 37, 9, 120, 8, 960),
(51, 37, 13, 200, 1, 200),
(52, 38, 8, 15, 3, 45),
(53, 38, 8, 15, 3, 45),
(54, 38, 26, 55, 2, 110),
(55, 38, 25, 30, 2, 60),
(56, 39, 2, 5, 3, 15),
(57, 39, 11, 5, 3, 15),
(58, 39, 24, 45, 3, 135),
(59, 39, 17, 15, 2, 30),
(60, 40, 2, 5, 3, 15),
(61, 40, 1, 10, 1, 10),
(62, 40, 26, 55, 2, 110),
(63, 41, 2, 5, 2, 10),
(64, 41, 13, 200, 1, 200),
(65, 41, 25, 30, 4, 120),
(66, 41, 26, 55, 2, 110),
(67, 42, 2, 5, 2, 10),
(68, 42, 3, 340, 2, 680),
(69, 43, 2, 5, 2, 10),
(70, 43, 3, 340, 3, 1020),
(72, 44, 24, 45, 2, 90),
(73, 44, 19, 50, 3, 150),
(74, 44, 23, 6, 3, 18),
(75, 45, 2, 5, 3, 15),
(77, 45, 11, 5, 2, 10),
(78, 45, 3, 340, 4, 1360),
(79, 46, 2, 5, 3, 15),
(81, 46, 24, 45, 2, 90),
(82, 47, 2, 5, 3, 15),
(83, 47, 11, 5, 3, 15),
(84, 48, 8, 15, 2, 30),
(85, 48, 23, 6, 2, 12),
(86, 49, 24, 45, 2, 90),
(87, 49, 23, 6, 2, 12),
(88, 50, 23, 6, 2, 12),
(89, 50, 24, 45, 2, 90),
(90, 51, 25, 30, 2, 60),
(91, 51, 26, 55, 2, 110),
(92, 52, 9, 120, 2, 240),
(93, 52, 11, 5, 4, 20),
(94, 53, 23, 6, 2, 12),
(96, 54, 2, 5, 2, 10),
(97, 54, 9, 120, 2, 240),
(98, 55, 11, 5, 2, 10),
(100, 56, 3, 340, 2, 680),
(101, 57, 11, 5, 2, 10),
(102, 58, 11, 5, 2, 10),
(103, 58, 9, 120, 1, 120),
(104, 59, 11, 5, 11, 55),
(105, 59, 9, 120, 4, 480),
(106, 60, 11, 5, 2, 10),
(107, 60, 9, 120, 1, 120),
(108, 61, 11, 5, 6, 30),
(109, 61, 9, 120, 1, 120),
(110, 62, 11, 5, 3, 15),
(112, 63, 11, 5, 3, 15),
(114, 64, 8, 15, 4, 60),
(115, 64, 11, 5, 4, 20),
(116, 65, 11, 5, 6, 30),
(117, 65, 8, 15, 3, 45),
(118, 66, 11, 5, 6, 30),
(119, 66, 8, 15, 3, 45),
(120, 66, 9, 120, 1, 120),
(121, 67, 9, 120, 2, 240),
(122, 67, 11, 5, 6, 30),
(123, 68, 2, 5, 2, 10),
(124, 68, 26, 55, 2, 110),
(125, 68, 25, 30, 2, 60),
(126, 69, 14, 20, 2, 40),
(127, 69, 13, 200, 2, 400),
(128, 70, 11, 5, 3, 15),
(129, 70, 8, 15, 3, 45),
(130, 71, 13, 200, 1, 200),
(131, 71, 11, 5, 1, 5),
(132, 72, 11, 5, 9, 45),
(133, 73, 9, 120, 12, 1440),
(134, 73, 11, 5, 7, 35),
(135, 74, 8, 15, 5, 75),
(136, 75, 11, 5, 3, 15),
(137, 75, 8, 15, 3, 45),
(138, 76, 8, 15, 4, 60),
(140, 77, 8, 15, 2, 30),
(141, 77, 9, 120, 2, 240),
(143, 79, 3, 340, 2, 680),
(144, 80, 3, 340, 3, 1020),
(145, 81, 1, 10, 3, 30),
(146, 81, 3, 340, 5, 1700),
(147, 82, 11, 5, 5, 25),
(148, 83, 13, 200, 2, 400),
(149, 83, 17, 15, 2, 30),
(150, 83, 2, 5, 2, 10),
(151, 84, 2, 5, 3, 15),
(152, 84, 13, 200, 3, 600),
(153, 84, 17, 15, 3, 45),
(154, 85, 8, 15, 4, 60),
(155, 85, 11, 5, 2, 10),
(156, 86, 3, 340, 1, 340),
(157, 87, 11, 5, 3, 15),
(158, 87, 9, 120, 1, 120),
(159, 87, 13, 200, 1, 200),
(160, 87, 2, 5, 1, 5),
(161, 87, 14, 20, 5, 100),
(162, 87, 8, 15, 7, 105),
(163, 88, 2, 5, 3, 15),
(164, 88, 8, 15, 1, 15),
(165, 88, 9, 120, 4, 480),
(166, 89, 2, 5, 3, 15),
(167, 90, 3, 340, 4, 1360),
(168, 90, 1, 10, 4, 40),
(169, 90, 9, 120, 4, 480),
(170, 90, 14, 20, 4, 80),
(171, 90, 17, 15, 4, 60),
(172, 90, 23, 10, 4, 40),
(173, 90, 26, 55, 6, 330),
(174, 90, 27, 90, 2, 180),
(175, 91, 11, 5, 3, 15),
(176, 91, 14, 20, 3, 60),
(177, 91, 26, 55, 3, 165),
(178, 91, 28, 125, 5, 625),
(179, 92, 9, 120, 5, 600),
(180, 92, 11, 5, 2, 10),
(181, 92, 17, 15, 4, 60),
(182, 92, 28, 125, 2, 250),
(183, 93, 3, 340, 2, 680),
(184, 93, 9, 120, 4, 480),
(185, 93, 11, 5, 6, 30),
(186, 94, 8, 15, 3, 45),
(188, 94, 14, 20, 3, 60),
(189, 94, 2, 5, 2, 10),
(190, 95, 2, 5, 4, 20),
(191, 95, 11, 5, 6, 30),
(192, 95, 8, 15, 3, 45),
(193, 95, 17, 15, 2, 30),
(195, 95, 9, 120, 1, 120),
(196, 95, 28, 125, 4, 500),
(197, 96, 3, 340, 3, 1020),
(198, 96, 9, 120, 6, 720),
(199, 96, 13, 200, 1, 200),
(200, 96, 2, 5, 5, 25),
(201, 96, 17, 15, 5, 75),
(202, 97, 8, 15, 3, 45),
(203, 97, 11, 5, 7, 35),
(204, 97, 2, 5, 2, 10),
(205, 97, 14, 20, 2, 40),
(206, 98, 8, 15, 5, 75),
(207, 98, 11, 5, 5, 25),
(208, 98, 2, 5, 8, 40),
(209, 99, 8, 15, 4, 60),
(211, 99, 13, 200, 6, 1200),
(212, 99, 27, 90, 2, 180),
(213, 100, 3, 340, 2, 680),
(215, 100, 13, 200, 2, 400),
(216, 101, 3, 340, 2, 680),
(217, 101, 9, 120, 6, 720),
(218, 101, 13, 200, 1, 200),
(219, 101, 14, 20, 1, 20),
(220, 102, 3, 340, 2, 680),
(221, 102, 11, 5, 2, 10),
(222, 102, 13, 200, 5, 1000),
(223, 102, 17, 15, 2, 30),
(224, 103, 3, 340, 2, 680),
(225, 103, 11, 5, 2, 10),
(226, 103, 13, 200, 5, 1000),
(227, 103, 14, 20, 5, 100),
(228, 104, 2, 5, 4, 20),
(229, 104, 11, 5, 7, 35),
(230, 104, 3, 340, 1, 340),
(231, 105, 3, 340, 2, 680),
(232, 105, 11, 5, 9, 45),
(233, 105, 8, 15, 2, 30),
(234, 105, 14, 20, 2, 40),
(235, 106, 8, 15, 4, 60),
(237, 106, 17, 15, 8, 120),
(238, 107, 8, 15, 4, 60),
(239, 107, 11, 5, 8, 40),
(240, 107, 17, 15, 3, 45),
(241, 108, 11, 5, 3, 15),
(242, 108, 26, 55, 7, 385),
(243, 108, 17, 15, 3, 45),
(244, 109, 9, 120, 4, 480),
(245, 109, 11, 5, 8, 40),
(246, 109, 3, 340, 2, 680),
(247, 109, 14, 20, 5, 100),
(248, 110, 8, 15, 3, 45),
(249, 110, 11, 5, 3, 15),
(250, 110, 17, 15, 7, 105),
(251, 111, 9, 120, 2, 240),
(252, 111, 2, 5, 2, 10),
(253, 111, 3, 340, 1, 340),
(254, 111, 14, 20, 5, 100),
(255, 111, 17, 15, 3, 45),
(256, 112, 8, 15, 4, 60),
(257, 112, 11, 5, 5, 25),
(258, 112, 3, 340, 2, 680),
(260, 113, 9, 120, 4, 480),
(261, 113, 3, 340, 4, 1360),
(262, 114, 9, 120, 8, 960),
(263, 114, 2, 5, 2, 10),
(264, 114, 11, 5, 6, 30),
(265, 115, 9, 120, 3, 360),
(266, 115, 14, 20, 6, 120),
(267, 115, 3, 340, 2, 680),
(268, 116, 3, 340, 3, 1020),
(270, 116, 13, 200, 6, 1200),
(271, 117, 8, 15, 12, 180),
(272, 117, 11, 5, 7, 35),
(273, 117, 14, 20, 7, 140),
(274, 117, 17, 15, 7, 105),
(275, 118, 8, 15, 2, 30),
(276, 118, 11, 5, 5, 25),
(277, 118, 14, 20, 7, 140),
(278, 119, 8, 15, 5, 75),
(279, 119, 9, 120, 5, 600),
(280, 119, 11, 5, 6, 30),
(281, 120, 9, 120, 4, 480),
(282, 120, 11, 5, 6, 30),
(283, 120, 14, 20, 9, 180),
(284, 121, 8, 15, 5, 75),
(285, 121, 13, 200, 7, 1400),
(286, 121, 14, 20, 3, 60),
(287, 122, 8, 15, 6, 90),
(288, 122, 11, 5, 6, 30),
(289, 122, 9, 120, 2, 240),
(290, 123, 3, 340, 3, 1020),
(291, 123, 2, 5, 2, 10),
(292, 123, 13, 200, 2, 400),
(293, 124, 8, 15, 5, 75),
(294, 124, 2, 5, 2, 10),
(295, 125, 3, 340, 9, 3060),
(296, 125, 9, 120, 9, 1080),
(297, 125, 14, 20, 2, 40),
(298, 126, 8, 15, 5, 75),
(299, 126, 11, 5, 5, 25),
(300, 127, 3, 340, 3, 1020),
(301, 127, 2, 5, 6, 30),
(302, 127, 13, 200, 2, 400),
(303, 127, 17, 15, 2, 30),
(304, 127, 26, 55, 3, 165),
(305, 127, 28, 125, 2, 250),
(306, 128, 2, 5, 3, 15),
(307, 128, 11, 5, 5, 25),
(308, 128, 14, 20, 3, 60),
(309, 128, 26, 55, 3, 165),
(310, 128, 28, 125, 6, 750),
(311, 130, 13, 200, 5, 1000),
(312, 130, 17, 15, 1, 15),
(313, 130, 26, 55, 2, 110),
(314, 130, 28, 125, 3, 375),
(315, 130, 2, 5, 1, 5),
(316, 131, 3, 340, 2, 680),
(317, 131, 2, 5, 3, 15),
(318, 131, 11, 5, 5, 25),
(319, 131, 14, 20, 2, 40),
(320, 131, 17, 15, 1, 15),
(321, 131, 26, 55, 10, 550),
(322, 131, 25, 30, 2, 60),
(323, 132, 8, 15, 10, 150),
(324, 132, 11, 5, 7, 35),
(325, 133, 8, 15, 4, 60),
(326, 133, 11, 5, 7, 35),
(327, 133, 14, 20, 9, 180),
(328, 133, 17, 15, 10, 150),
(329, 133, 27, 90, 3, 270),
(330, 133, 19, 50, 3, 150),
(331, 133, 3, 340, 6, 2040),
(332, 133, 28, 125, 12, 1500),
(333, 136, 8, 15, 5, 75),
(334, 136, 2, 5, 8, 40),
(335, 136, 13, 200, 4, 800),
(336, 136, 17, 15, 2, 30),
(337, 136, 28, 125, 2, 250),
(365, 144, 8, 15, 4, 60),
(366, 144, 13, 200, 7, 1400),
(367, 145, 9, 120, 5, 600),
(368, 145, 3, 340, 5, 1700),
(369, 145, 14, 20, 2, 40),
(370, 145, 27, 90, 2, 180),
(371, 145, 24, 45, 6, 270),
(372, 146, 9, 120, 4, 480),
(373, 146, 11, 5, 2, 10),
(374, 146, 14, 20, 2, 40),
(375, 146, 26, 55, 8, 440),
(376, 146, 28, 125, 4, 500),
(377, 146, 8, 15, 4, 60),
(378, 147, 2, 5, 4, 20),
(379, 147, 9, 120, 6, 720),
(380, 147, 11, 5, 8, 40),
(381, 147, 14, 20, 64, 1280),
(382, 148, 9, 120, 8, 960),
(383, 148, 13, 200, 2, 400),
(384, 148, 17, 15, 8, 120),
(385, 148, 26, 55, 8, 440),
(386, 148, 28, 125, 4, 500),
(387, 149, 26, 55, 4, 220),
(388, 149, 14, 20, 6, 120),
(389, 149, 9, 120, 3, 360),
(390, 149, 17, 15, 3, 45),
(391, 150, 26, 55, 5, 275),
(392, 150, 9, 120, 7, 840),
(393, 150, 28, 125, 3, 375),
(394, 150, 24, 45, 9, 405),
(395, 151, 26, 55, 8, 440),
(396, 151, 9, 120, 12, 1440),
(397, 151, 24, 45, 4, 180),
(398, 152, 19, 50, 4, 200),
(399, 152, 26, 55, 8, 440),
(400, 152, 13, 200, 2, 400),
(401, 152, 28, 125, 4, 500),
(402, 152, 24, 45, 4, 180),
(403, 152, 27, 90, 6, 540),
(404, 153, 18, 50, 3, 150),
(405, 153, 14, 20, 6, 120),
(406, 153, 31, 220, 6, 1320),
(407, 154, 17, 15, 4, 60),
(408, 154, 18, 50, 6, 300),
(409, 154, 9, 120, 6, 720),
(410, 154, 8, 15, 6, 90),
(411, 155, 14, 20, 16, 320),
(412, 155, 19, 50, 8, 400),
(413, 156, 26, 55, 6, 330),
(414, 156, 31, 220, 6, 1320),
(415, 156, 9, 120, 8, 960),
(416, 156, 28, 125, 8, 1000),
(417, 156, 11, 5, 16, 80),
(418, 157, 17, 15, 3, 45),
(419, 157, 19, 50, 6, 300),
(420, 157, 13, 200, 4, 800),
(421, 157, 31, 220, 1, 220),
(422, 158, 26, 55, 5, 275),
(423, 158, 2, 5, 8, 40),
(424, 158, 28, 125, 16, 2000),
(425, 158, 24, 45, 4, 180),
(426, 158, 17, 15, 6, 90),
(427, 159, 17, 15, 8, 120),
(428, 159, 2, 5, 1, 5),
(429, 159, 27, 90, 4, 360),
(430, 159, 32, 50, 4, 200),
(431, 160, 26, 55, 6, 330),
(432, 160, 2, 5, 2, 10),
(433, 160, 28, 125, 2, 250),
(434, 160, 11, 5, 2, 10),
(435, 160, 17, 15, 4, 60),
(436, 161, 18, 50, 4, 200),
(437, 161, 2, 5, 8, 40),
(438, 161, 9, 120, 16, 1920),
(439, 161, 3, 340, 4, 1360),
(440, 162, 19, 50, 7, 350),
(441, 162, 2, 5, 28, 140),
(442, 162, 18, 50, 4, 200),
(443, 162, 14, 10, 2, 20),
(444, 163, 19, 50, 5, 250),
(445, 163, 2, 5, 15, 75);

-- --------------------------------------------------------

--
-- Table structure for table `menu`
--

CREATE TABLE `menu` (
  `menuid` int(11) NOT NULL,
  `name` varchar(500) NOT NULL,
  `description` varchar(500) NOT NULL,
  `price` float NOT NULL
) ENGINE=InnoDB DEFAULT CHARSET=latin1;

--
-- Dumping data for table `menu`
--

INSERT INTO `menu` (`menuid`, `name`, `description`, `price`) VALUES
(13, 'Apple Pie', 'An apple pie is a pie in which the principal filling ingredient is apple. It is, on occasion, served with whipped cream or iced cream, or with cheddar cheese. The pastry part is generally used top-and-bottom, making it a double-crust pie; the upper crust may be circular or latticed.', 200),
(14, 'Banana Shake', 'Banana Milkshake, a healthy and creamy shake prepared with ripe banana and milk is rich in potassium, dietary fiber and energy.\n\n\n\n', 10),
(17, 'Carrot Squash', 'Toss carrots, squash, and basting oil in large bowl; season with salt and pepper. Arrange in single layer on parchment paper-lined baking sheet. \n\n\n\n\n', 15),
(26, 'Chaap', 'Messed and roasted Soya bean .\n\n\n\n\n\n', 55),
(18, 'Doughnuts', 'A doughnut or donut is a type of fried dough confection or dessert food. \n\n', 50),
(19, 'Faluda Kulfi', ' Falooda Recipe – very delicious and yummy beverage dessert that is flavored with Rose syrup. Key ingredients are sabja seeds(aka basil seeds), vermicelli aka falooda sev, sweetened milk, rose syrup and ice cream.', 50),
(31, 'Fish', 'Bengali Fish\n', 220),
(2, 'Idli', 'Rice Fluffy Bread', 5),
(9, 'Jalebi', 'Deep Fried  Sugar Snack\n\n', 120),
(28, 'Kabuli palaw', 'Kabuli palaw or Quabili palaw is a variety of pilaf made in Afghanistan. It consists of steamed rice mixed with raisins, carrots, and lamb. It is one of the most popular dishes in Afghanistan and is the national dish.\n', 125),
(24, 'Kheer', 'Rice pudding made with milk along with raisins,pista and cashew.\n', 45),
(27, 'Malpura', 'Dish made up of sugar and fined floor.It is a savan special.It is best matched with Kheer\n', 90),
(23, 'Masala Chai', 'Tea speciality with green and black elachi with star anise .\n\n', 10),
(32, 'Pancake\n', 'A pancake is a flat cake, often thin and round, prepared from a starch-based batter that may contain eggs, milk and butter and cooked on a hot surface such as a griddle or frying pan, often frying with oil or butter.\n', 50),
(25, 'Papdi Chaat', 'Chaat made with sewia ,curd bhalla and roasted chaana.\n', 30),
(3, 'pizza', 'ITALIAN DISH\r\n', 340),
(33, 'Pulihora\n', 'Pulihora, or tamarind rice along with green chilies is the most popular food in Andhra Pradesh. The vegetarian dishes consist of koora, which include cooking different vegetables in a variety of styles - with gravy, frying, with lentils, etc.\n', 30),
(1, 'Roti', 'Indian Bread', 10),
(34, 'Salad', 'Veg Salad \n', 20),
(8, 'Samosa', 'Deep Fried  Triangular Potato Snack\n\n', 15),
(11, 'Tea', 'Indian Speciality\n', 5);

-- --------------------------------------------------------

--
-- Table structure for table `menuitem`
--

CREATE TABLE `menuitem` (
  `menuName` varchar(500) NOT NULL,
  `quantity` int(255) NOT NULL
) ENGINE=InnoDB DEFAULT CHARSET=latin1;

-- --------------------------------------------------------

--
-- Table structure for table `staff`
--

CREATE TABLE `staff` (
  `Name` varchar(50) NOT NULL,
  `Email` varchar(50) NOT NULL,
  `Mobile` varchar(50) NOT NULL,
  `Password` varchar(50) NOT NULL,
  `Type` varchar(50) NOT NULL
) ENGINE=InnoDB DEFAULT CHARSET=latin1;

--
-- Dumping data for table `staff`
--

INSERT INTO `staff` (`Name`, `Email`, `Mobile`, `Password`, `Type`) VALUES
('abc', 'abc@gmail.com', '9123456789', '123456', 'CASHIER'),
('donald', 'newdonald', '9812765437', '1234567', 'CASHIER'),
('Ema Stone', 'ema@gmail.com', '9123456789', 'emapass', 'KITCHEN'),
('Franklin', 'frank@gmail.com', '9812345673', 'frankpass', 'KITCHEN'),
('Hina', 'hina@gmail.com', '9779069212', 'hinapass', 'KITCHEN'),
('Jack', 'jack@gmail.com', '9856340090', 'helloworld', 'CASHIER'),
('Jerry', 'jerry@gmail.com', '9345678234', 'jerrypass', 'CASHIER'),
('Joseph', 'joseph@gmail.com', '9112345678', 'josephpass', 'CASHIER'),
('Rohit', 'rohit@gmail.com', '9299999992', 'rohitpass', 'KITCHEN'),
('Sigma', 'sigma@gmail.com', '9187654321', '123456', 'CASHIER'),
('tom', 'jack@gmail.com', '9712345678', 'tompass', 'CASHIER'),
('tom1', 'tom1@gmail.com', '9815694555', 'tom123', 'KITCHEN'),
('tom2', 'tom2@gmail.com', '1234567898', '123456', 'KITCHEN');

--
-- Indexes for dumped tables
--

--
-- Indexes for table `bill`
--
ALTER TABLE `bill`
  ADD PRIMARY KEY (`billid`),
  ADD UNIQUE KEY `billid` (`billid`);

--
-- Indexes for table `billdetail`
--
ALTER TABLE `billdetail`
  ADD PRIMARY KEY (`billdetailid`),
  ADD KEY `foreign_key1` (`billid`),
  ADD KEY `foreign_key2` (`menuid`);

--
-- Indexes for table `menu`
--
ALTER TABLE `menu`
  ADD PRIMARY KEY (`name`),
  ADD KEY `menuid` (`menuid`),
  ADD KEY `name` (`name`),
  ADD KEY `name_2` (`name`);

--
-- Indexes for table `menuitem`
--
ALTER TABLE `menuitem`
  ADD KEY `menuName` (`menuName`);

--
-- Indexes for table `staff`
--
ALTER TABLE `staff`
  ADD PRIMARY KEY (`Name`);

--
-- AUTO_INCREMENT for dumped tables
--

--
-- AUTO_INCREMENT for table `bill`
--
ALTER TABLE `bill`
  MODIFY `billid` int(50) NOT NULL AUTO_INCREMENT, AUTO_INCREMENT=164;

--
-- AUTO_INCREMENT for table `billdetail`
--
ALTER TABLE `billdetail`
  MODIFY `billdetailid` int(30) NOT NULL AUTO_INCREMENT, AUTO_INCREMENT=446;

--
-- AUTO_INCREMENT for table `menu`
--
ALTER TABLE `menu`
  MODIFY `menuid` int(11) NOT NULL AUTO_INCREMENT, AUTO_INCREMENT=35;

--
-- Constraints for dumped tables
--

--
-- Constraints for table `billdetail`
--
ALTER TABLE `billdetail`
  ADD CONSTRAINT `foreign_key1` FOREIGN KEY (`billid`) REFERENCES `bill` (`billid`) ON DELETE CASCADE ON UPDATE CASCADE,
  ADD CONSTRAINT `foreign_key2` FOREIGN KEY (`menuid`) REFERENCES `menu` (`menuid`) ON DELETE CASCADE ON UPDATE CASCADE;
COMMIT;

/*!40101 SET CHARACTER_SET_CLIENT=@OLD_CHARACTER_SET_CLIENT */;
/*!40101 SET CHARACTER_SET_RESULTS=@OLD_CHARACTER_SET_RESULTS */;
/*!40101 SET COLLATION_CONNECTION=@OLD_COLLATION_CONNECTION */;
